,Win,Lose,%,
First Turret,16,11,59.2592592592593,
First Blood,9,9,50,
First Dragon,6,7,46.1538461538462,
FBaron,5,2,71.4285714285714,
Kills over,0,1,0,
Kills under,0,1,0,
To Win,1,1,50,
Most kills,2,1,66.6666666666667,
First to 10 kills,1,0,100,
,36,32,52.9411764705882,